title,location,publish_date,link
Analista de Base de Datos Inventarios,"Guanajuato, León",Hace 2 días,https://mx.computrabajo.com/ofertas-de-trabajo/oferta-de-trabajo-de-analista-de-base-de-datos-inventarios-desarrollador-sql-java-script-en-leon-D32A21E56144CAF961373E686DCF3405#lc=ListOffers-Score6-0
Trabajo Desde Casa Desarrollador Java Senior / Ref. 0003,"Guanajuato, León",Hace 3 días,https://mx.computrabajo.com/ofertas-de-trabajo/oferta-de-trabajo-de-trabajo-desde-casa-desarrollador-java-senior-ref-0003-en-leon-BA5366E1FC66211761373E686DCF3405#lc=ListOffers-Score6-0
Work From Home Junior/MidLevel Java Developer / Ref. 0003,"Guanajuato, León",Hace 3 días,https://mx.computrabajo.com/ofertas-de-trabajo/oferta-de-trabajo-de-work-from-home-juniormidlevel-java-developer-ref-0003-en-leon-B5A65E347074BECD61373E686DCF3405#lc=ListOffers-Score6-0
Trabajo Desde Casa Desarrollador Java / Ref. 0003,"Guanajuato, León",Hace 3 días,https://mx.computrabajo.com/ofertas-de-trabajo/oferta-de-trabajo-de-trabajo-desde-casa-desarrollador-java-ref-0003-en-leon-807847A6FB9D3A3461373E686DCF3405#lc=ListOffers-Score6-0
Trabajo Desde Casa Desarrollador Java Backend / Ref. 0003,"Guanajuato, León",Hace 3 días,https://mx.computrabajo.com/ofertas-de-trabajo/oferta-de-trabajo-de-trabajo-desde-casa-desarrollador-java-backend-ref-0003-en-leon-3E5D01CF2E66AEA361373E686DCF3405#lc=ListOffers-Score6-0
Desarrollador/a Full Stack,"Guanajuato, León",7 de mayo,https://mx.computrabajo.com/ofertas-de-trabajo/oferta-de-trabajo-de-desarrolladora-full-stack-con-experiencia-en-leon-A89AD44911A8C93E61373E686DCF3405#lc=ListOffers-Score5-0
Desarrollador Java,"Ciudad de México DF, Benito Juárez",Hace 11 horas,https://mx.computrabajo.com/ofertas-de-trabajo/oferta-de-trabajo-de-desarrollador-java-hibrido-en-benito-juarez-8A346FC631C6EEBA61373E686DCF3405#lc=ListOffers-Score4-0
Trabajo Desde Casa Desarrollador Junior/MidLevel Java / Ref. 0003,"Chihuahua, Juárez",Hace 14 horas,https://mx.computrabajo.com/ofertas-de-trabajo/oferta-de-trabajo-de-trabajo-desde-casa-desarrollador-juniormidlevel-java-ref-0003-en-juarez-FFDB88E1574299E161373E686DCF3405#lc=ListOffers-Score4-0
Desarrollador Java,"Ciudad de México DF, Álvaro Obregón",Ayer,https://mx.computrabajo.com/ofertas-de-trabajo/oferta-de-trabajo-de-desarrollador-java-en-alvaro-obregon-9B0EFF8361EA059961373E686DCF3405#lc=ListOffers-Score4-0
Desarrollador Java // Recién Egresado,"Ciudad de México DF, Cuauhtémoc",Ayer,https://mx.computrabajo.com/ofertas-de-trabajo/oferta-de-trabajo-de-desarrollador-java-recien-egresado-home-office-en-cuauhtemoc-9F34F236EF7B44CA61373E686DCF3405#lc=ListOffers-Score4-0
Trabajo Desde Casa Desarrollador Junior/MidLevel Java / Ref. 0003,"Aguascalientes, Aguascalientes +12 ubicaciones",Hace 2 días,https://mx.computrabajo.com/ofertas-de-trabajo/oferta-de-trabajo-de-trabajo-desde-casa-desarrollador-juniormidlevel-java-ref-0003-en-aguascalientes-88656BF08C72097B61373E686DCF3405#lc=ListOffers-Score4-0
Trabajo Desde Casa Desarrollador Java / Ref. 0003,"Aguascalientes, Aguascalientes +6 ubicaciones",Hace 2 días,https://mx.computrabajo.com/ofertas-de-trabajo/oferta-de-trabajo-de-trabajo-desde-casa-desarrollador-java-ref-0003-en-aguascalientes-FF0211C47D7C872361373E686DCF3405#lc=ListOffers-Score4-0
Trabajo Desde Casa Desarrollador Java Backend / Ref. 0003,"Aguascalientes, Aguascalientes +9 ubicaciones",Hace 2 días,https://mx.computrabajo.com/ofertas-de-trabajo/oferta-de-trabajo-de-trabajo-desde-casa-desarrollador-java-backend-ref-0003-en-aguascalientes-5C6CF78E728847D461373E686DCF3405#lc=ListOffers-Score4-0
Trabajo Desde Casa Desarrollador Java Backend / Ref. 0003,"Aguascalientes, Aguascalientes",Hace 2 días,https://mx.computrabajo.com/ofertas-de-trabajo/oferta-de-trabajo-de-trabajo-desde-casa-desarrollador-java-backend-ref-0003-en-aguascalientes-EE1DF00A79BC548761373E686DCF3405#lc=ListOffers-Score4-0
Trabajo Desde Casa Desarrollador Java Senior / Ref. 0003,"Aguascalientes, Aguascalientes +7 ubicaciones",Hace 2 días,https://mx.computrabajo.com/ofertas-de-trabajo/oferta-de-trabajo-de-trabajo-desde-casa-desarrollador-java-senior-ref-0003-en-aguascalientes-9C8D76008B47A7BD61373E686DCF3405#lc=ListOffers-Score4-0
Trabajo Desde Casa Desarrollador Junior/MidLevel Java / Ref. 0003,"Guanajuato, Guanajuato",Hace 2 días,https://mx.computrabajo.com/ofertas-de-trabajo/oferta-de-trabajo-de-trabajo-desde-casa-desarrollador-juniormidlevel-java-ref-0003-en-guanajuato-879A0BEB7BDF9D5D61373E686DCF3405#lc=ListOffers-Score4-0
Work From Home Junior/MidLevel Java Developer / Ref. 0003,"Guanajuato, Guanajuato +14 ubicaciones",Hace 2 días,https://mx.computrabajo.com/ofertas-de-trabajo/oferta-de-trabajo-de-work-from-home-juniormidlevel-java-developer-ref-0003-en-guanajuato-690786D699048A6161373E686DCF3405#lc=ListOffers-Score4-0
Trabajo Desde Casa Desarrollador Junior/MidLevel Java / Ref. 0003,"San Luis Potosí, San Luis Potosí",Hace 2 días,https://mx.computrabajo.com/ofertas-de-trabajo/oferta-de-trabajo-de-trabajo-desde-casa-desarrollador-juniormidlevel-java-ref-0003-en-san-luis-potosi-F482EB21ECD496A561373E686DCF3405#lc=ListOffers-Score4-0
Desarrollador Java,"Ciudad de México DF, Cuauhtémoc",Hace 3 días,https://mx.computrabajo.com/ofertas-de-trabajo/oferta-de-trabajo-de-desarrollador-java-home-office-en-cuauhtemoc-19F9AB1D5213BC3661373E686DCF3405#lc=ListOffers-Score4-0
Work From Home Junior/MidLevel Java Developer / Ref. 0003,"Oaxaca, Abejones",Hace 3 días,https://mx.computrabajo.com/ofertas-de-trabajo/oferta-de-trabajo-de-work-from-home-juniormidlevel-java-developer-ref-0003-en-abejones-2CCCCBB277B6F5C961373E686DCF3405#lc=ListOffers-Score4-0
Trabajo Desde Casa Desarrollador Java Senior / Ref. 0003,"Puebla, Puebla",Hace 3 días,https://mx.computrabajo.com/ofertas-de-trabajo/oferta-de-trabajo-de-trabajo-desde-casa-desarrollador-java-senior-ref-0003-en-puebla-BFBCA44299775E2661373E686DCF3405#lc=ListOffers-Score4-0
Work From Home Senior Java + Scala Developer / Ref. 0100,"Puebla, Puebla",Hace 3 días,https://mx.computrabajo.com/ofertas-de-trabajo/oferta-de-trabajo-de-work-from-home-senior-java-scala-developer-ref-0100-en-puebla-3ECF593EF815726E61373E686DCF3405#lc=ListOffers-Score4-0
Trabajo Desde Casa Desarrollador Java Semi Senior / Ref. 0003,"Puebla, Puebla +11 ubicaciones",Hace 3 días,https://mx.computrabajo.com/ofertas-de-trabajo/oferta-de-trabajo-de-trabajo-desde-casa-desarrollador-java-semi-senior-ref-0003-en-puebla-692EB8406D222BE661373E686DCF3405#lc=ListOffers-Score4-0
Trabajo Desde Casa Desarrollador Java Semi Senior / Ref. 0003,"Estado de México, Tlalnepantla de Baz",Hace 3 días,https://mx.computrabajo.com/ofertas-de-trabajo/oferta-de-trabajo-de-trabajo-desde-casa-desarrollador-java-semi-senior-ref-0003-en-tlalnepantla-de-baz-81B3B86219DCBA4161373E686DCF3405#lc=ListOffers-Score4-0
Trabajo Desde Casa Desarrollador Junior/MidLevel Java / Ref. 0003,"Estado de México, Tlalnepantla de Baz",Hace 3 días,https://mx.computrabajo.com/ofertas-de-trabajo/oferta-de-trabajo-de-trabajo-desde-casa-desarrollador-juniormidlevel-java-ref-0003-en-tlalnepantla-de-baz-DD2DAE50FBA838ED61373E686DCF3405#lc=ListOffers-Score4-0
Trabajo Desde Casa Desarrollador Junior/MidLevel Java / Ref. 0003,"Puebla, Puebla",Hace 3 días,https://mx.computrabajo.com/ofertas-de-trabajo/oferta-de-trabajo-de-trabajo-desde-casa-desarrollador-juniormidlevel-java-ref-0003-en-puebla-CE55954B340D558D61373E686DCF3405#lc=ListOffers-Score4-0
Work From Home Junior/MidLevel Java Developer / Ref. 0003,"Puebla, Puebla",Hace 3 días,https://mx.computrabajo.com/ofertas-de-trabajo/oferta-de-trabajo-de-work-from-home-juniormidlevel-java-developer-ref-0003-en-puebla-03A9174D7C55FD0061373E686DCF3405#lc=ListOffers-Score4-0
Trabajo Desde Casa Desarrollador Java / Ref. 0003,"Puebla, Puebla",Hace 3 días,https://mx.computrabajo.com/ofertas-de-trabajo/oferta-de-trabajo-de-trabajo-desde-casa-desarrollador-java-ref-0003-en-puebla-5FC8D18C66D60E7261373E686DCF3405#lc=ListOffers-Score4-0
Work From Home Java Developer / Ref. 0003,"Puebla, Puebla +2 ubicaciones",Hace 3 días,https://mx.computrabajo.com/ofertas-de-trabajo/oferta-de-trabajo-de-work-from-home-java-developer-ref-0003-en-puebla-21713A4F5A0910A261373E686DCF3405#lc=ListOffers-Score4-0
Trabajo Desde Casa Desarrollador Java Backend / Ref. 0003,"Puebla, Puebla",Hace 3 días,https://mx.computrabajo.com/ofertas-de-trabajo/oferta-de-trabajo-de-trabajo-desde-casa-desarrollador-java-backend-ref-0003-en-puebla-8EB14B5E9E9287E961373E686DCF3405#lc=ListOffers-Score4-0
Trabajo Desde Casa Desarrollador Java Senior / Ref. 0003,"Estado de México, Tlalmanalco",Hace 3 días,https://mx.computrabajo.com/ofertas-de-trabajo/oferta-de-trabajo-de-trabajo-desde-casa-desarrollador-java-senior-ref-0003-en-tlalmanalco-FD6C33026504A42961373E686DCF3405#lc=ListOffers-Score4-0
Work From Home Semi Senior Java Developer / Ref. 0003,"Tamaulipas, Reynosa",Hace 3 días,https://mx.computrabajo.com/ofertas-de-trabajo/oferta-de-trabajo-de-work-from-home-semi-senior-java-developer-ref-0003-en-reynosa-4D32724B109A918161373E686DCF3405#lc=ListOffers-Score4-0
Trabajo Desde Casa Desarrollador Java Semi Senior / Ref. 0003,"Tamaulipas, Reynosa",Hace 3 días,https://mx.computrabajo.com/ofertas-de-trabajo/oferta-de-trabajo-de-trabajo-desde-casa-desarrollador-java-semi-senior-ref-0003-en-reynosa-95406CA9841335F461373E686DCF3405#lc=ListOffers-Score4-0
Trabajo Desde Casa Desarrollador Junior/MidLevel Java / Ref. 0003,"Tamaulipas, Reynosa",Hace 3 días,https://mx.computrabajo.com/ofertas-de-trabajo/oferta-de-trabajo-de-trabajo-desde-casa-desarrollador-juniormidlevel-java-ref-0003-en-reynosa-1D5B488AFB1690A461373E686DCF3405#lc=ListOffers-Score4-0
Work From Home Junior/MidLevel Java Developer / Ref. 0003,"Tamaulipas, Reynosa",Hace 3 días,https://mx.computrabajo.com/ofertas-de-trabajo/oferta-de-trabajo-de-work-from-home-juniormidlevel-java-developer-ref-0003-en-reynosa-4E5A37BC6C0658C861373E686DCF3405#lc=ListOffers-Score4-0
Trabajo Desde Casa Desarrollador Java Semi Senior / Ref. 0003,"Sinaloa, Culiacán",Hace 3 días,https://mx.computrabajo.com/ofertas-de-trabajo/oferta-de-trabajo-de-trabajo-desde-casa-desarrollador-java-semi-senior-ref-0003-en-culiacan-3E2D682B609AE0A161373E686DCF3405#lc=ListOffers-Score4-0
Trabajo Desde Casa Desarrollador Java Semi Senior / Ref. 0003,"Sinaloa, Culiacán",Hace 3 días,https://mx.computrabajo.com/ofertas-de-trabajo/oferta-de-trabajo-de-trabajo-desde-casa-desarrollador-java-semi-senior-ref-0003-en-culiacan-346EB8AF2619A26761373E686DCF3405#lc=ListOffers-Score4-0
Trabajo Desde Casa Desarrollador Java Semi Senior / Ref. 0003,"Estado de México, Naucalpan de Juárez",Hace 3 días,https://mx.computrabajo.com/ofertas-de-trabajo/oferta-de-trabajo-de-trabajo-desde-casa-desarrollador-java-semi-senior-ref-0003-en-naucalpan-de-juarez-5E0A908BB6565DFE61373E686DCF3405#lc=ListOffers-Score4-0
Trabajo Desde Casa Desarrollador Java Semi Senior / Ref. 0003,"Estado de México, Naucalpan de Juárez",Hace 3 días,https://mx.computrabajo.com/ofertas-de-trabajo/oferta-de-trabajo-de-trabajo-desde-casa-desarrollador-java-semi-senior-ref-0003-en-naucalpan-de-juarez-DA4DBC539FD4C3C561373E686DCF3405#lc=ListOffers-Score4-0
Trabajo Desde Casa Desarrollador Junior/MidLevel Java / Ref. 0003,"Sinaloa, Culiacán",Hace 3 días,https://mx.computrabajo.com/ofertas-de-trabajo/oferta-de-trabajo-de-trabajo-desde-casa-desarrollador-juniormidlevel-java-ref-0003-en-culiacan-0540A6559F91364B61373E686DCF3405#lc=ListOffers-Score4-0
Work From Home Junior/MidLevel Java Developer / Ref. 0003,"Sinaloa, Culiacán",Hace 3 días,https://mx.computrabajo.com/ofertas-de-trabajo/oferta-de-trabajo-de-work-from-home-juniormidlevel-java-developer-ref-0003-en-culiacan-1A503E7F4EABAAD361373E686DCF3405#lc=ListOffers-Score4-0
Trabajo Desde Casa Desarrollador Junior/MidLevel Java / Ref. 0003,"Coahuila, Torreón",Hace 3 días,https://mx.computrabajo.com/ofertas-de-trabajo/oferta-de-trabajo-de-trabajo-desde-casa-desarrollador-juniormidlevel-java-ref-0003-en-torreon-7FF60BA4315A26C861373E686DCF3405#lc=ListOffers-Score4-0
Work From Home Java Backend Developer / Ref. 0003,"Coahuila, Torreón",Hace 3 días,https://mx.computrabajo.com/ofertas-de-trabajo/oferta-de-trabajo-de-work-from-home-java-backend-developer-ref-0003-en-torreon-8A1928B74E60DE2061373E686DCF3405#lc=ListOffers-Score4-0
Trabajo Desde Casa Desarrollador Java Senior / Ref. 0003,"Sonora, Hermosillo",Hace 3 días,https://mx.computrabajo.com/ofertas-de-trabajo/oferta-de-trabajo-de-trabajo-desde-casa-desarrollador-java-senior-ref-0003-en-hermosillo-88785E2930CDF5B361373E686DCF3405#lc=ListOffers-Score4-0
Trabajo Desde Casa Desarrollador Java Semi Senior / Ref. 0003,"Nuevo León, Guadalupe",Hace 3 días,https://mx.computrabajo.com/ofertas-de-trabajo/oferta-de-trabajo-de-trabajo-desde-casa-desarrollador-java-semi-senior-ref-0003-en-guadalupe-14E747BB09F9BABC61373E686DCF3405#lc=ListOffers-Score4-0
Trabajo Desde Casa Desarrollador Junior/MidLevel Java / Ref. 0003,"Estado de México, Naucalpan de Juárez",Hace 3 días,https://mx.computrabajo.com/ofertas-de-trabajo/oferta-de-trabajo-de-trabajo-desde-casa-desarrollador-juniormidlevel-java-ref-0003-en-naucalpan-de-juarez-59A8D57ADB4F8E2361373E686DCF3405#lc=ListOffers-Score4-0
Work From Home Junior/MidLevel Java Developer / Ref. 0003,"Estado de México, Naucalpan de Juárez",Hace 3 días,https://mx.computrabajo.com/ofertas-de-trabajo/oferta-de-trabajo-de-work-from-home-juniormidlevel-java-developer-ref-0003-en-naucalpan-de-juarez-39B94BA6DB745F3861373E686DCF3405#lc=ListOffers-Score4-0
Work From Home Junior/MidLevel Java Developer / Ref. 0003,"Estado de México, Naucalpan de Juárez",Hace 3 días,https://mx.computrabajo.com/ofertas-de-trabajo/oferta-de-trabajo-de-work-from-home-juniormidlevel-java-developer-ref-0003-en-naucalpan-de-juarez-D318FB5166169B2861373E686DCF3405#lc=ListOffers-Score4-0
Trabajo Desde Casa Desarrollador Java Backend / Ref. 0003,"Estado de México, Naucalpan de Juárez",Hace 3 días,https://mx.computrabajo.com/ofertas-de-trabajo/oferta-de-trabajo-de-trabajo-desde-casa-desarrollador-java-backend-ref-0003-en-naucalpan-de-juarez-59C3008C690BBDD761373E686DCF3405#lc=ListOffers-Score4-0
Work From Home Junior/MidLevel Java Developer / Ref. 0003,"Sonora, Hermosillo",Hace 3 días,https://mx.computrabajo.com/ofertas-de-trabajo/oferta-de-trabajo-de-work-from-home-juniormidlevel-java-developer-ref-0003-en-hermosillo-93296EC5585737F261373E686DCF3405#lc=ListOffers-Score4-0
Trabajo Desde Casa Desarrollador Java Senior / Ref. 0003,"Guanajuato, Irapuato",Hace 3 días,https://mx.computrabajo.com/ofertas-de-trabajo/oferta-de-trabajo-de-trabajo-desde-casa-desarrollador-java-senior-ref-0003-en-irapuato-28EA3008ED616B4661373E686DCF3405#lc=ListOffers-Score4-0
Trabajo Desde Casa Desarrollador Java / Ref. 0003,"Sonora, Hermosillo",Hace 3 días,https://mx.computrabajo.com/ofertas-de-trabajo/oferta-de-trabajo-de-trabajo-desde-casa-desarrollador-java-ref-0003-en-hermosillo-80E5672C04B93BEB61373E686DCF3405#lc=ListOffers-Score4-0
Trabajo Desde Casa Desarrollador Junior/MidLevel Java / Ref. 0003,"Quintana Roo, Benito Juárez",Hace 3 días,https://mx.computrabajo.com/ofertas-de-trabajo/oferta-de-trabajo-de-trabajo-desde-casa-desarrollador-juniormidlevel-java-ref-0003-en-benito-juarez-1F558009E1A9FF2A61373E686DCF3405#lc=ListOffers-Score4-0
Trabajo Desde Casa Desarrollador Java / Ref. 0003,"Sonora, Hermosillo",Hace 3 días,https://mx.computrabajo.com/ofertas-de-trabajo/oferta-de-trabajo-de-trabajo-desde-casa-desarrollador-java-ref-0003-en-hermosillo-F17A226803F4BC7E61373E686DCF3405#lc=ListOffers-Score4-0
Work From Home Junior/MidLevel Java Developer / Ref. 0003,"Quintana Roo, Benito Juárez",Hace 3 días,https://mx.computrabajo.com/ofertas-de-trabajo/oferta-de-trabajo-de-work-from-home-juniormidlevel-java-developer-ref-0003-en-benito-juarez-CB693F4D123C912461373E686DCF3405#lc=ListOffers-Score4-0
Trabajo Desde Casa Desarrollador Java Backend / Ref. 0003,"Sonora, Hermosillo",Hace 3 días,https://mx.computrabajo.com/ofertas-de-trabajo/oferta-de-trabajo-de-trabajo-desde-casa-desarrollador-java-backend-ref-0003-en-hermosillo-426B50D25D5CAF8961373E686DCF3405#lc=ListOffers-Score4-0
Trabajo Desde Casa Desarrollador Junior/MidLevel Java / Ref. 0003,"Jalisco, Zapopan",Hace 3 días,https://mx.computrabajo.com/ofertas-de-trabajo/oferta-de-trabajo-de-trabajo-desde-casa-desarrollador-juniormidlevel-java-ref-0003-en-zapopan-9DAE64BA765BC65961373E686DCF3405#lc=ListOffers-Score4-0
Work From Home Junior/MidLevel Java Developer / Ref. 0003,"Jalisco, Zapopan",Hace 3 días,https://mx.computrabajo.com/ofertas-de-trabajo/oferta-de-trabajo-de-work-from-home-juniormidlevel-java-developer-ref-0003-en-zapopan-5B0E788563AC799061373E686DCF3405#lc=ListOffers-Score4-0
Trabajo Desde Casa Desarrollador Junior/MidLevel Java / Ref. 0003,"Ciudad de México DF, Iztapalapa",Hace 3 días,https://mx.computrabajo.com/ofertas-de-trabajo/oferta-de-trabajo-de-trabajo-desde-casa-desarrollador-juniormidlevel-java-ref-0003-en-iztapalapa-BB2A1DCD41A2A87561373E686DCF3405#lc=ListOffers-Score4-0
Work From Home Junior/MidLevel Java Developer / Ref. 0003,"Ciudad de México DF, Iztapalapa",Hace 3 días,https://mx.computrabajo.com/ofertas-de-trabajo/oferta-de-trabajo-de-work-from-home-juniormidlevel-java-developer-ref-0003-en-iztapalapa-238015EA8087B0FA61373E686DCF3405#lc=ListOffers-Score4-0
Trabajo Desde Casa Desarrollador Java Senior / Ref. 0003,"Jalisco, Guadalajara",Hace 3 días,https://mx.computrabajo.com/ofertas-de-trabajo/oferta-de-trabajo-de-trabajo-desde-casa-desarrollador-java-senior-ref-0003-en-guadalajara-5C3E5EA2E8B05DEC61373E686DCF3405#lc=ListOffers-Score4-0
Work From Home Java Developer / Ref. 0003,"Ciudad de México DF, Iztapalapa",Hace 3 días,https://mx.computrabajo.com/ofertas-de-trabajo/oferta-de-trabajo-de-work-from-home-java-developer-ref-0003-en-iztapalapa-69067ADC4DD2FBFE61373E686DCF3405#lc=ListOffers-Score4-0
Trabajo Desde Casa Desarrollador Junior/MidLevel Java / Ref. 0003,"Jalisco, Guadalajara",Hace 3 días,https://mx.computrabajo.com/ofertas-de-trabajo/oferta-de-trabajo-de-trabajo-desde-casa-desarrollador-juniormidlevel-java-ref-0003-en-guadalajara-C227BF2A4B6345CD61373E686DCF3405#lc=ListOffers-Score4-0
Trabajo Desde Casa Desarrollador Java Backend / Ref. 0003,"Ciudad de México DF, Iztapalapa",Hace 3 días,https://mx.computrabajo.com/ofertas-de-trabajo/oferta-de-trabajo-de-trabajo-desde-casa-desarrollador-java-backend-ref-0003-en-iztapalapa-27CCD94AB6F20C9861373E686DCF3405#lc=ListOffers-Score4-0
Work From Home Junior/MidLevel Java Developer / Ref. 0003,"Jalisco, Guadalajara",Hace 3 días,https://mx.computrabajo.com/ofertas-de-trabajo/oferta-de-trabajo-de-work-from-home-juniormidlevel-java-developer-ref-0003-en-guadalajara-561DF551A85C978461373E686DCF3405#lc=ListOffers-Score4-0
Work From Home Java Developer / Ref. 0003,"Jalisco, Guadalajara",Hace 3 días,https://mx.computrabajo.com/ofertas-de-trabajo/oferta-de-trabajo-de-work-from-home-java-developer-ref-0003-en-guadalajara-300C8F413AB2B47B61373E686DCF3405#lc=ListOffers-Score4-0
Trabajo Desde Casa Desarrollador Java Backend / Ref. 0003,"Jalisco, Guadalajara",Hace 3 días,https://mx.computrabajo.com/ofertas-de-trabajo/oferta-de-trabajo-de-trabajo-desde-casa-desarrollador-java-backend-ref-0003-en-guadalajara-94DDE39E0724724661373E686DCF3405#lc=ListOffers-Score4-0
Work From Home Java Backend Developer / Ref. 0003,"Ciudad de México DF, Iztapalapa",Hace 3 días,https://mx.computrabajo.com/ofertas-de-trabajo/oferta-de-trabajo-de-work-from-home-java-backend-developer-ref-0003-en-iztapalapa-33836BA604AA6C8461373E686DCF3405#lc=ListOffers-Score4-0
Work From Home Junior/MidLevel Java Developer / Ref. 0003,"Ciudad de México DF, Miguel Hidalgo",Hace 3 días,https://mx.computrabajo.com/ofertas-de-trabajo/oferta-de-trabajo-de-work-from-home-juniormidlevel-java-developer-ref-0003-en-miguel-hidalgo-E196E95EE54FCEEB61373E686DCF3405#lc=ListOffers-Score4-0
Trabajo Desde Casa Desarrollador Java / Ref. 0003,"Ciudad de México DF, Miguel Hidalgo",Hace 3 días,https://mx.computrabajo.com/ofertas-de-trabajo/oferta-de-trabajo-de-trabajo-desde-casa-desarrollador-java-ref-0003-en-miguel-hidalgo-4A076506528B762F61373E686DCF3405#lc=ListOffers-Score4-0
Work From Home Java Developer / Ref. 0003,"Ciudad de México DF, Miguel Hidalgo",Hace 3 días,https://mx.computrabajo.com/ofertas-de-trabajo/oferta-de-trabajo-de-work-from-home-java-developer-ref-0003-en-miguel-hidalgo-406C45C5719FA3D861373E686DCF3405#lc=ListOffers-Score4-0
Trabajo Desde Casa Desarrollador Java Backend / Ref. 0003,"Ciudad de México DF, Miguel Hidalgo",Hace 3 días,https://mx.computrabajo.com/ofertas-de-trabajo/oferta-de-trabajo-de-trabajo-desde-casa-desarrollador-java-backend-ref-0003-en-miguel-hidalgo-E9049F6C95C3B49261373E686DCF3405#lc=ListOffers-Score4-0
Trabajo Desde Casa Desarrollador Java Semi Senior / Ref. 0003,"Yucatán, Mérida",Hace 3 días,https://mx.computrabajo.com/ofertas-de-trabajo/oferta-de-trabajo-de-trabajo-desde-casa-desarrollador-java-semi-senior-ref-0003-en-merida-7AF0C96615FBBA5A61373E686DCF3405#lc=ListOffers-Score4-0
Trabajo Desde Casa Desarrollador Java Semi Senior / Ref. 0003,"Ciudad de México DF, Miguel Hidalgo",Hace 3 días,https://mx.computrabajo.com/ofertas-de-trabajo/oferta-de-trabajo-de-trabajo-desde-casa-desarrollador-java-semi-senior-ref-0003-en-miguel-hidalgo-A7DC6B9E7E6C4BF761373E686DCF3405#lc=ListOffers-Score4-0
Work From Home Junior/MidLevel Java Developer / Ref. 0003,"Yucatán, Mérida",Hace 3 días,https://mx.computrabajo.com/ofertas-de-trabajo/oferta-de-trabajo-de-work-from-home-juniormidlevel-java-developer-ref-0003-en-merida-A18C5A309BAE567361373E686DCF3405#lc=ListOffers-Score4-0
Trabajo Desde Casa Desarrollador Java / Ref. 0003,"Yucatán, Mérida",Hace 3 días,https://mx.computrabajo.com/ofertas-de-trabajo/oferta-de-trabajo-de-trabajo-desde-casa-desarrollador-java-ref-0003-en-merida-7CE2BE7E9CA069F161373E686DCF3405#lc=ListOffers-Score4-0
Trabajo Desde Casa Desarrollador Java Backend / Ref. 0003,"Yucatán, Mérida",Hace 3 días,https://mx.computrabajo.com/ofertas-de-trabajo/oferta-de-trabajo-de-trabajo-desde-casa-desarrollador-java-backend-ref-0003-en-merida-967BF7FAD029961861373E686DCF3405#lc=ListOffers-Score4-0
Work From Home Junior/MidLevel Java Developer / Ref. 0003,"Querétaro, Querétaro",Hace 3 días,https://mx.computrabajo.com/ofertas-de-trabajo/oferta-de-trabajo-de-work-from-home-juniormidlevel-java-developer-ref-0003-en-queretaro-52D4ABAA387A6D7761373E686DCF3405#lc=ListOffers-Score4-0
Trabajo Desde Casa Desarrollador Java / Ref. 0003,"Querétaro, Querétaro",Hace 3 días,https://mx.computrabajo.com/ofertas-de-trabajo/oferta-de-trabajo-de-trabajo-desde-casa-desarrollador-java-ref-0003-en-queretaro-67D1525F3E32F7C861373E686DCF3405#lc=ListOffers-Score4-0
Trabajo Desde Casa Desarrollador Java Backend / Ref. 0003,"Querétaro, Querétaro",Hace 3 días,https://mx.computrabajo.com/ofertas-de-trabajo/oferta-de-trabajo-de-trabajo-desde-casa-desarrollador-java-backend-ref-0003-en-queretaro-CD1ADB240156127561373E686DCF3405#lc=ListOffers-Score4-0
Trabajo Desde Casa Desarrollador Java Semi Senior / Ref. 0003,"Coahuila, Torreón",Hace 3 días,https://mx.computrabajo.com/ofertas-de-trabajo/oferta-de-trabajo-de-trabajo-desde-casa-desarrollador-java-semi-senior-ref-0003-en-torreon-4D1E4DF073FB665A61373E686DCF3405#lc=ListOffers-Score4-0
Trabajo Desde Casa Desarrollador Java Senior / Ref. 0003,"Veracruz, Veracruz",Hace 3 días,https://mx.computrabajo.com/ofertas-de-trabajo/oferta-de-trabajo-de-trabajo-desde-casa-desarrollador-java-senior-ref-0003-en-veracruz-CC61D72EF34C0F4661373E686DCF3405#lc=ListOffers-Score4-0
Trabajo Desde Casa Desarrollador Java Senior / Ref. 0003,"Querétaro, Querétaro",Hace 3 días,https://mx.computrabajo.com/ofertas-de-trabajo/oferta-de-trabajo-de-trabajo-desde-casa-desarrollador-java-senior-ref-0003-en-queretaro-34DA6F6725D1720161373E686DCF3405#lc=ListOffers-Score4-0
Trabajo Desde Casa Desarrollador Java Semi Senior / Ref. 0003,"Ciudad de México DF, Iztapalapa",Hace 3 días,https://mx.computrabajo.com/ofertas-de-trabajo/oferta-de-trabajo-de-trabajo-desde-casa-desarrollador-java-semi-senior-ref-0003-en-iztapalapa-ED79320E1E71A90661373E686DCF3405#lc=ListOffers-Score4-0
Work From Home Semi Senior Java Developer / Ref. 0003,"Ciudad de México DF, Iztapalapa",Hace 3 días,https://mx.computrabajo.com/ofertas-de-trabajo/oferta-de-trabajo-de-work-from-home-semi-senior-java-developer-ref-0003-en-iztapalapa-5181A7D893A5500461373E686DCF3405#lc=ListOffers-Score4-0
Trabajo Desde Casa Desarrollador Java Semi Senior / Ref. 0003,"Ciudad de México DF, Iztapalapa",Hace 3 días,https://mx.computrabajo.com/ofertas-de-trabajo/oferta-de-trabajo-de-trabajo-desde-casa-desarrollador-java-semi-senior-ref-0003-en-iztapalapa-4FACB3F3FD0B9C8961373E686DCF3405#lc=ListOffers-Score4-0
Work From Home Semi Senior Java Developer / Ref. 0003,"Ciudad de México DF, Iztapalapa",Hace 3 días,https://mx.computrabajo.com/ofertas-de-trabajo/oferta-de-trabajo-de-work-from-home-semi-senior-java-developer-ref-0003-en-iztapalapa-F36B7BFC1BFB86AE61373E686DCF3405#lc=ListOffers-Score4-0
Desarrollador Java Sr.,"Ciudad de México DF, Benito Juárez",Hace 3 días,https://mx.computrabajo.com/ofertas-de-trabajo/oferta-de-trabajo-de-desarrollador-java-sr-en-benito-juarez-77FCDDDEE1C44ED761373E686DCF3405#lc=ListOffers-Score4-0
Java developer,"Ciudad de México DF, Benito Juárez",Hace 3 días,https://mx.computrabajo.com/ofertas-de-trabajo/oferta-de-trabajo-de-java-developer-springboot-aws-en-benito-juarez-9CA79F996829672B61373E686DCF3405#lc=ListOffers-Score4-0
Desarrollador/a,"Ciudad de México DF, Álvaro Obregón",Hace 4 días,https://mx.computrabajo.com/ofertas-de-trabajo/oferta-de-trabajo-de-desarrolladora-apis-microservicios-java-en-alvaro-obregon-72F93E7E0525FEA861373E686DCF3405#lc=ListOffers-Score4-0
Desarrollador Java Angular (Front) Remoto,"Ciudad de México DF, Benito Juárez",Hace 5 días,https://mx.computrabajo.com/ofertas-de-trabajo/oferta-de-trabajo-de-desarrollador-java-angular-front-remoto-en-benito-juarez-8D9D34D65DF3F60761373E686DCF3405#lc=ListOffers-Score4-0
Desarrollador Java,"Ciudad de México DF, Miguel Hidalgo",Hace 5 días,https://mx.computrabajo.com/ofertas-de-trabajo/oferta-de-trabajo-de-desarrollador-java-sr-en-miguel-hidalgo-4FB530FD39DCDFD261373E686DCF3405#lc=ListOffers-Score4-0
Desarrollador JAVA / Liferay,"Ciudad de México DF, Álvaro Obregón",Hace 7 días,https://mx.computrabajo.com/ofertas-de-trabajo/oferta-de-trabajo-de-desarrollador-java-liferay-en-alvaro-obregon-6BF06F602F6296DE61373E686DCF3405#lc=ListOffers-Score4-0
Desarrollador Java,"Ciudad de México DF, Miguel Hidalgo",8 de mayo,https://mx.computrabajo.com/ofertas-de-trabajo/oferta-de-trabajo-de-desarrollador-java-sr-en-miguel-hidalgo-4DA44283DE37073F61373E686DCF3405#lc=ListOffers-Score4-0
Desarrollador/a,"Ciudad de México DF, Álvaro Obregón",7 de mayo,https://mx.computrabajo.com/ofertas-de-trabajo/oferta-de-trabajo-de-desarrolladora-full-stack-senior-java-en-alvaro-obregon-C9DC8A01D35C86C161373E686DCF3405#lc=ListOffers-Score4-0
Programador/a .Net,"Estado de México, Naucalpan de Juárez",Hace 4 días,https://mx.computrabajo.com/ofertas-de-trabajo/oferta-de-trabajo-de-programadora-net-en-naucalpan-de-juarez-5BA12F360B467CF661373E686DCF3405#lc=ListOffers-Score3-0
Desarrollador/a,"Guanajuato, León",Hace 5 horas,https://mx.computrabajo.com/ofertas-de-trabajo/oferta-de-trabajo-de-desarrolladora-net-leon-gto-en-leon-CFFB5ED5D25E812161373E686DCF3405#lc=ListOffers-Score2-0
Analista de gestión de informacion,"Guanajuato, León",Ayer,https://mx.computrabajo.com/ofertas-de-trabajo/oferta-de-trabajo-de-analista-de-gestion-de-informacion-capturista-mujer-en-leon-3D78DBEF0A0D1A4F61373E686DCF3405#lc=ListOffers-Score2-0
Desarrollador de Software y Programador,"Guanajuato, León",Ayer,https://mx.computrabajo.com/ofertas-de-trabajo/oferta-de-trabajo-de-desarrollador-de-software-y-programador-disena-desarrolla-y-mejora-en-leon-0DD28264D289103C61373E686DCF3405#lc=ListOffers-Score2-0
"Auxiliar de tesorería, crédito y cobranza.","Guanajuato, León",Ayer,https://mx.computrabajo.com/ofertas-de-trabajo/oferta-de-trabajo-de-auxiliar-de-tesoreria-credito-y-cobranza-estudiantes-egresados-o-trunca-en-leon-B577A42D5C4C0BF561373E686DCF3405#lc=ListOffers-Score2-0
